# Title: Install User Generated Content,,,,,
"# Description: This option first creates comments, reviews and ratings on product/article pages for the main we.Retail site",,,,,
SiteDelete,/content/we-retail/us/en/community/configuration.json,,,,
SlingDelete,/content/we-retail/us/en/community,,,,
SlingDelete,/etc/community/templates/sites/custom/we_retail_site,,,,
SlingDelete,/etc/community/templates/groups/custom/we_retail_group,,,,
SlingDelete@6.4,/etc/community/templates,,,,
SlingDelete,/etc/community/badging/rules/reference-badging,,,,
SlingDelete,/etc/community/badging/rules/reference-scoring,,,,
GroupDelete,/home/groups/community,we-retail-,,,
# Getting rid of the Cloud services if already there,,,,,
SlingDelete,/etc/cloudservices/facebookconnect/weretailfacebook,,,,
SlingDelete,/etc/cloudservices/twitterconnect/weretailtwitter,,,,
SlingDelete,/etc/cloudservices/pinterestconnect/weretailpinterest,,,,
SlingDelete@6.4,/conf/global/settings/cloudconfigs/twitterconnect,,,,
SlingDelete@6.4,/conf/global/settings/cloudconfigs/facebookconnect,,,,
SlingDelete@6.4,/conf/global/settings/cloudconfigs/pinterestconnect,,,,
,,,,,
# Blackcomb Gloves Women,,,,,
Reviews,/etc/commerce/products/we-retail/me/coats/meskwielt/jcr:content/reviews.social.json,,,,
aaron.mcdonald@mailinator.com,0,This is a great coat,Overall;4;,/content/we-retail/us/en/products/equipment/skiing/blackcomb-snow/jcr:content/root/responsivegrid/reviews,we-retail/components/hbs/reviews
jason.werner@dodgit.com,0,"I agree, super product",Overall;3;,/content/we-retail/us/en/products/equipment/skiing/blackcomb-snow/jcr:content/root/responsivegrid/reviews,we-retail/components/hbs/reviews
weston.mccall@dodgit.com,0,"Super product, +1!",Overall;3;,/content/we-retail/us/en/products/equipment/skiing/blackcomb-snow/jcr:content/root/responsivegrid/reviews,we-retail/components/hbs/reviews